<metadata xml:lang="en"><Esri><CreaDate>20140606</CreaDate><CreaTime>13290500</CreaTime><ArcGISFormat>1.0</ArcGISFormat><ArcGISstyle>North American Profile of ISO19115 2003</ArcGISstyle><SyncOnce>FALSE</SyncOnce><scaleRange><minScale>50000</minScale><maxScale>5000</maxScale></scaleRange><DataProperties><itemProps><itemName Sync="TRUE">Ortho2013_Final</itemName><imsContentType Sync="TRUE" export="False">002</imsContentType><nativeExtBox><westBL Sync="TRUE">389400.000000</westBL><eastBL Sync="TRUE">408600.000000</eastBL><southBL Sync="TRUE">124200.000000</southBL><northBL Sync="TRUE">148200.000000</northBL><exTypeCode Sync="TRUE">1</exTypeCode></nativeExtBox><itemLocation><linkage Sync="TRUE">file://\\dcgisshare.dcgis.in.dc.gov\public\Planimetrics2013\Ortho2013_Final.mdb</linkage><protocol Sync="TRUE">Local Area Network</protocol></itemLocation></itemProps><coordRef><type Sync="TRUE">Projected</type><geogcsn Sync="TRUE">GCS_North_American_1983</geogcsn><csUnits Sync="TRUE">Linear Unit: Meter (1.000000)</csUnits><projcsn Sync="TRUE">NAD_1983_StatePlane_Maryland_FIPS_1900</projcsn><peXml Sync="TRUE">&lt;ProjectedCoordinateSystem xsi:type='typens:ProjectedCoordinateSystem' xmlns:xsi='http://www.w3.org/2001/XMLSchema-instance' xmlns:xs='http://www.w3.org/2001/XMLSchema' xmlns:typens='http://www.esri.com/schemas/ArcGIS/10.1'&gt;&lt;WKT&gt;PROJCS[&amp;quot;NAD_1983_StatePlane_Maryland_FIPS_1900&amp;quot;,GEOGCS[&amp;quot;GCS_North_American_1983&amp;quot;,DATUM[&amp;quot;D_North_American_1983&amp;quot;,SPHEROID[&amp;quot;GRS_1980&amp;quot;,6378137.0,298.257222101]],PRIMEM[&amp;quot;Greenwich&amp;quot;,0.0],UNIT[&amp;quot;Degree&amp;quot;,0.0174532925199433]],PROJECTION[&amp;quot;Lambert_Conformal_Conic&amp;quot;],PARAMETER[&amp;quot;False_Easting&amp;quot;,400000.0],PARAMETER[&amp;quot;False_Northing&amp;quot;,0.0],PARAMETER[&amp;quot;Central_Meridian&amp;quot;,-77.0],PARAMETER[&amp;quot;Standard_Parallel_1&amp;quot;,38.3],PARAMETER[&amp;quot;Standard_Parallel_2&amp;quot;,39.45],PARAMETER[&amp;quot;Latitude_Of_Origin&amp;quot;,37.66666666666666],UNIT[&amp;quot;Meter&amp;quot;,1.0],AUTHORITY[&amp;quot;EPSG&amp;quot;,26985]]&lt;/WKT&gt;&lt;XOrigin&gt;-36747100&lt;/XOrigin&gt;&lt;YOrigin&gt;-29091500&lt;/YOrigin&gt;&lt;XYScale&gt;10000&lt;/XYScale&gt;&lt;ZOrigin&gt;-100000&lt;/ZOrigin&gt;&lt;ZScale&gt;10000&lt;/ZScale&gt;&lt;MOrigin&gt;-100000&lt;/MOrigin&gt;&lt;MScale&gt;10000&lt;/MScale&gt;&lt;XYTolerance&gt;0.001&lt;/XYTolerance&gt;&lt;ZTolerance&gt;0.001&lt;/ZTolerance&gt;&lt;MTolerance&gt;0.001&lt;/MTolerance&gt;&lt;HighPrecision&gt;true&lt;/HighPrecision&gt;&lt;WKID&gt;26985&lt;/WKID&gt;&lt;LatestWKID&gt;26985&lt;/LatestWKID&gt;&lt;/ProjectedCoordinateSystem&gt;</peXml></coordRef></DataProperties><SyncDate>20140611</SyncDate><SyncTime>23184200</SyncTime><ModDate>20140611</ModDate><ModTime>23184200</ModTime><ArcGISProfile>NAP</ArcGISProfile></Esri><mdLang><languageCode value="eng"/><countryCode value="USA" Sync="TRUE"/></mdLang><mdChar><CharSetCd value="004"/></mdChar><mdHrLv><ScopeCd value="005"/></mdHrLv><mdContact xmlns=""><rpOrgName>D.C. Office of the Chief Technology</rpOrgName><rpCntInfo xmlns=""><cntPhone><voiceNum tddtty="">(202) 727-2277</voiceNum><faxNum>(202) 727-5660</faxNum></cntPhone><cntAddress addressType="physical"><delPoint>200 I Street SE, 5th Floor</delPoint><city>Washington</city><adminArea>DC</adminArea><postCode>20003</postCode><country>US</country><eMailAdd>dcgis@dc.gov</eMailAdd></cntAddress><cntHours>Mon - Fri 8:30am to 5:30pm EST</cntHours></rpCntInfo><role><RoleCd value="007"/></role><rpPosName>GIS Data Coordinator</rpPosName></mdContact><mdDateSt>20140415</mdDateSt><mdStanName>ArcGIS Metadata</mdStanName><mdStanVer>1.0</mdStanVer><distInfo xmlns=""><distributor xmlns=""><distorCont xmlns=""><rpIndName>GIS Data Coordinator</rpIndName><rpOrgName>D.C. Office of the Chief Technology</rpOrgName><rpCntInfo xmlns=""><cntPhone><voiceNum tddtty="">(202) 727-2277</voiceNum></cntPhone><cntAddress addressType="both"><delPoint>"200 I Street SE, 5th Floor"</delPoint><city>Washington</city><adminArea>DC</adminArea><postCode>20003</postCode><country>US</country><eMailAdd>octo@dc.gov</eMailAdd></cntAddress><cntHours>Mon - Fri 8:30am to 5:30pm EST</cntHours></rpCntInfo><role><RoleCd value="005"/></role></distorCont><distorOrdPrc xmlns=""><ordInstr>Most DC GIS datasets can be downloaded from "http://dcgis.dc.gov" on the data center page. Orders can also be made by contacting OCTO GIS at "dcgis@dc.gov", especially for datasets not available for download</ordInstr></distorOrdPrc></distributor><distFormat xmlns=""><formatName Sync="TRUE">Personal GeoDatabase Raster Catalog</formatName></distFormat></distInfo><dataIdInfo><idCitation xmlns=""><resTitle>Orthophoto - 2013</resTitle><date><pubDate time="unknown">2014-06-06T00:00:00</pubDate><createDate>2013-10-18T00:00:00</createDate></date><citRespParty xmlns=""><rpOrgName>Office of the Chief Technology Officer</rpOrgName><role><RoleCd value="006"/></role><rpPosName>GIS Data Coordinator</rpPosName><rpCntInfo xmlns=""><cntAddress addressType="physical"><delPoint>200 I Street SE, 5th floor</delPoint><city>washington</city><adminArea>DC</adminArea><postCode>20003</postCode><eMailAdd>dcgis@dc.gov</eMailAdd><country>US</country></cntAddress><cntPhone><voiceNum tddtty="">202-727-2277</voiceNum><faxNum>202-727-5660</faxNum></cntPhone></rpCntInfo></citRespParty><citRespParty xmlns=""><rpOrgName>"Fugro EarthData, Inc.</rpOrgName><rpCntInfo xmlns=""><cntAddress addressType=""><delPoint>Frederick, Maryland</delPoint></cntAddress></rpCntInfo><role><RoleCd value="010"/></role></citRespParty><presForm xmlns=""><PresFormCd value="005"/></presForm><presForm xmlns=""><fgdcGeoform>Remote-sensing Image</fgdcGeoform></presForm></idCitation><idAbs>&lt;DIV STYLE="text-align:Left;"&gt;&lt;DIV&gt;&lt;DIV&gt;&lt;P&gt;&lt;SPAN&gt;This metadata record describes the acquisition and production of natural color digital ground orthoimagery covering Washington, D.C. The digital orthophotography is composed of 24 bit natural color digital orthos at a scale of 1 to 1,200 with a 0.15 meter pixel resolution. &lt;/SPAN&gt;&lt;/P&gt;&lt;/DIV&gt;&lt;/DIV&gt;&lt;/DIV&gt;</idAbs><idPurp>This orthoimagery has been supplied to the District of Columia Government, Office of the Chief Technology Officer for use in a geographic information system (GIS) for planning and management purposes.</idPurp><idStatus><ProgCd value="001"/></idStatus><idPoC xmlns=""><rpOrgName>D.C. Office of the Chief Technology</rpOrgName><rpPosName>GIS Data Coordinator</rpPosName><rpCntInfo xmlns=""><cntPhone><voiceNum tddtty="">(202) 727-2277</voiceNum><faxNum>(202) 727-5660</faxNum></cntPhone><cntAddress addressType="both"><delPoint>200 I Street SE, 5th Floor</delPoint><city>Washington</city><adminArea>DC</adminArea><postCode>20003</postCode><country>US</country><eMailAdd>dcgis@dc.gov</eMailAdd></cntAddress><cntHours>Mon - Fri 8:30am to 5:30pm EST</cntHours></rpCntInfo><role><RoleCd value="007"/></role></idPoC><resMaint xmlns=""><maintFreq><MaintFreqCd value="009"/></maintFreq><usrDefFreq><duration>every 2 years</duration></usrDefFreq><maintCont xmlns=""><rpIndName>GIS Data Coordinator</rpIndName><rpOrgName>D.C. Office of the Chief Technology</rpOrgName><rpCntInfo><cntPhone><voiceNum>(202) 727-2277</voiceNum></cntPhone><cntAddress addressType="both"><delPoint>"200 I Street SE, 5th Floor"</delPoint><city>Washington</city><adminArea>DC</adminArea><postCode>20003</postCode><country>US</country><eMailAdd>octo@dc.gov</eMailAdd></cntAddress><cntHours>Mon - Fri 8:30am to 5:30pm EST</cntHours></rpCntInfo><role><RoleCd value="005"/></role><displayName>GIS Data Coordinator</displayName></maintCont></resMaint><placeKeys xmlns=""><thesaName><resTitle>Geographic Names Information System</resTitle></thesaName><keyword>United States of America</keyword><keyword>USA</keyword><keyword>"Washington, D.C." District of Columbia</keyword></placeKeys><themeKeys xmlns=""><thesaName><resTitle>EDI Thesaurus</resTitle></thesaName><keyword>Imagery</keyword><keyword>Digital Orthos</keyword><keyword>Aerial Acquisition</keyword><keyword>Orthoimagery</keyword><keyword>Aerotriangulation</keyword><keyword>ADS80</keyword><keyword>Digital Elevation Model</keyword><keyword>DEM</keyword><keyword>DSM</keyword><keyword>Digital Surface Model</keyword></themeKeys><searchKeys><keyword>Imagery</keyword><keyword>United States of America</keyword><keyword>USA</keyword><keyword>Digital Orthos</keyword><keyword>Aerial Acquisition</keyword><keyword>Orthoimagery</keyword><keyword>Aerotriangulation</keyword><keyword>ADS80</keyword><keyword>Digital Elevation Model</keyword><keyword>DEM</keyword><keyword>"Washington</keyword><keyword>D.C." District of Columbia</keyword><keyword>DSM</keyword><keyword>Digital Surface Model</keyword></searchKeys><resConst><LegConsts xmlns=""><useLimit>Acknowledgment of the DC Geographic Information Systems Program (DC GIS): The District of Columbia Government makes no claims as to the completeness, accuracy or content of any data contained hereon, and makes no representation of any kind, including, but not limited to, the warranty of the accuracy or fitness for a particular use, nor are any such warranties to be implied or inferred with respect to the information or data furnished herein.</useLimit></LegConsts></resConst><dataLang><languageCode value="eng"/><countryCode value="USA" Sync="TRUE"/></dataLang><dataExt xmlns=""><exDesc>Ground Condition</exDesc><tempEle><TempExtent><exTemp><TM_Instant><tmPosition>2014-04-15</tmPosition></TM_Instant></exTemp></TempExtent></tempEle></dataExt><dataExt xmlns=""><geoEle><GeoBndBox><westBL>-77.122373</westBL><eastBL>-76.900716</eastBL><southBL>38.785481</southBL><northBL>39.001746</northBL></GeoBndBox></geoEle></dataExt><envirDesc Sync="TRUE">Microsoft Windows 7 Version 6.1 (Build 7601) Service Pack 1; Esri ArcGIS 10.2.2.3552</envirDesc><spatRpType><SpatRepTypCd value="001" Sync="TRUE"/></spatRpType><dataExt xmlns=""><geoEle xmlns=""><GeoBndBox esriExtentType="search"><exTypeCode Sync="TRUE">1</exTypeCode><westBL Sync="TRUE">-77.122373</westBL><eastBL Sync="TRUE">-76.900716</eastBL><northBL Sync="TRUE">39.001746</northBL><southBL Sync="TRUE">38.785481</southBL></GeoBndBox></geoEle></dataExt><idCredit>Office of the Chief Technology Officer</idCredit><dataChar><CharSetCd value="004"/></dataChar><tpCat><TopicCatCd value="010"/></tpCat><tpCat><TopicCatCd value="006"/></tpCat></dataIdInfo><dqInfo xmlns=""><dqScope><scpLvl><ScopeCd value="005"/></scpLvl></dqScope><report type="DQTopConsis" dimension="" xmlns=""><evalMethDesc>Compliance with the accuracy standard was ensured by the placement of GPS ground control. The following checks were performed. 1. The ground control and airborne GPS data stream were validated through a fully analytical bundle aerotriangulation adjustment. The residuals of the adjustment met the required standards for accuracy which are 1 part in 10,000 of the flying height for the horizontal position (X and Y) and 1 part in 9,000 or better of the flying height in elevation (Z). 2. The DTM (Digital Terrain Model) data was checked against the project control. The technician visited and confirmed the accuracy of the project mass points during initial compilation. 3. Any topographic data was checked for edge match, consistency of attribution, and cartographic quality through visual inspection. 4. Digital orthophotography was validated through an inspection of edge matching and visual inspection for image quality."</evalMethDesc></report><report type="DQConcConsis" dimension="" xmlns=""><measDesc>"ompliance with the accuracy standard was ensured by the placement of GPS ground control. The following checks were performed. 1. The ground control and airborne GPS data stream were validated through a fully analytical bundle aerotriangulation adjustment. The residuals of the adjustment met the required standards for accuracy which are 1 part in 10,000 of the flying height for the horizontal position (X and Y) and 1 part in 9,000 or better of the flying height in elevation (Z). 2. The DTM (Digital Terrain Model) data was checked against the project control. The technician visited and confirmed the accuracy of the project mass points during initial compilation. 3. Any topographic data was checked for edge match, consistency of attribution, and cartographic quality through visual inspection. 4. Digital orthophotography was validated through an inspection of edge matching and visual inspection for image quality.</measDesc></report><report type="DQCompOm" dimension="" xmlns=""><measDesc>100%</measDesc></report><report type="DQQuanAttAcc" dimension="" xmlns=""><measDesc>This data has been produced to be fully compliant with the American Society for Photogrammetry and Remote Sensing Accuracy Standards for Class 1 mapping requirements (ASPRSC1) at a scale of 1 to 1,200</measDesc></report><report type="DQAbsExtPosAcc" dimension="horizontal" xmlns=""><measDesc>This data has been produced to be fully compliant with the American Society for Photogrammetry and Remote Sensing Accuracy Standards for Class 1 mapping requirements at a scale of 1 to 1,200 with a 15 centimeter pixel resolution.</measDesc></report><report type="DQAbsExtPosAcc" dimension="vertical" xmlns=""><measDesc>N/A</measDesc></report><dataLineage><dataSource xmlns="" type=""><srcDesc>TerraSurv, Inc, under contract to Fugro EarthData Inc. successfully established ground control for the project area. A total of 5 ground control points for the project were acquired using GPS for both vertical and horizontal coordinate values.</srcDesc><srcMedName><MedNameCd value="015"/></srcMedName><srcScale><rfDenom>600</rfDenom></srcScale><srcCitatn xmlns=""><resTitle>Report of GPS Survey for Washington, DC</resTitle><resAltTitle>Ground Control</resAltTitle><date><pubDate>2012-04-26</pubDate></date><citRespParty xmlns=""><rpOrgName>"TerraSurv, Inc"</rpOrgName><role><RoleCd value="006"/></role></citRespParty><presForm xmlns=""><PresFormCd value="008"/></presForm><presForm xmlns=""><fgdcGeoform>model</fgdcGeoform></presForm></srcCitatn><srcExt xmlns=""><exDesc>Ground Condition</exDesc><tempEle><TempExtent><exTemp><TM_Period xmlns=""><tmBegin>2012-04-02</tmBegin><tmEnd>2012-04-03</tmEnd></TM_Period></exTemp></TempExtent></tempEle></srcExt></dataSource><dataSource xmlns="" type=""><srcDesc>The aerial imagery acquisition over Washington, DC was flown to support the creation of digital orthophotography with a 15 centimeter pixel resolution. The aerial photographic mission was composed of a total of 3 lifts consisting of 42 flight lines using a Cessna Conquest twin tubroprop. Photography was obtained at an average altitude of 4,850 feet above mean sea level. Aerial photography was collected in conjunction with airborne GPS; the stationary GPS receiver was positioned over a control point located at the airport. All imagery was collected using the Leica ADS80/82 digital pushbroom sensor.</srcDesc><srcCitatn xmlns=""><resTitle>Aerial Imagery Acquisition</resTitle><resAltTitle>Aerial Acquisition</resAltTitle><date><pubDate>2013-10-31</pubDate></date><citRespParty xmlns=""><rpOrgName>D.C. Office of the Chief Technology</rpOrgName><role><RoleCd value="006"/></role></citRespParty><presForm xmlns=""><PresFormCd value="005"/></presForm><presForm xmlns=""><fgdcGeoform>remote-sensing image</fgdcGeoform></presForm></srcCitatn><srcExt xmlns=""><exDesc>Ground Condition</exDesc><tempEle><TempExtent><exTemp><TM_Instant><tmPosition>2013-10-24</tmPosition></TM_Instant></exTemp></TempExtent></tempEle></srcExt></dataSource><prcStep xmlns=""><stepDesc>EarthData utilized an InfoTerra Pixel Factory workflow for processing the aerotriangulation for the orthoimagery of project area. The airborne GPS data was processed and integrated with the inertial measurement unit (IMU). The resulting imagery and control were imported into the InfoTerra Pixel Factory system for use in the aerotriangulation. The ADS80 imagery was downloaded onto the EarthData server and brought over to the UNIX based InfoTerra Pixel Factory system. The ground control was used in conjunction with the processed airborne global positioning system (ABGPS) results for the aerotriangulation. The ground control points were read in all available imagery and tie points between flight lines were selected. A fully analytical bundle adjustment was run. The properly formatted InfoTerra Pixel Factory results were used for subsequent processing. All final results were output into an AT report which is being delivered with the final orthoimagery.</stepDesc><stepDateTm>2013-11-26T00:00:00</stepDateTm><stepSrc type="used" xmlns=""><srcCitatn xmlns=""><resAltTitle>Aerotriangulation</resAltTitle></srcCitatn></stepSrc><stepSrc type="produced" xmlns=""><srcCitatn><resAltTitle>Analytical Aerotriangulation</resAltTitle></srcCitatn></stepSrc><stepProc xmlns=""><rpOrgName>"Fugro EarthData, Inc.</rpOrgName><rpCntInfo><cntAddress addressType=""><delPoint>Frederick, Maryland</delPoint></cntAddress></rpCntInfo><role><RoleCd value="010"/></role><displayName>"Fugro EarthData, Inc.</displayName></stepProc></prcStep><prcStep xmlns=""><stepDesc>The customer supplied DSM was for rectification of the orthoimagery with the exception of the downtown true ortho project area. For this area the InfoTerra Pixel Factory was used in the processing of the DSM for orthorectification. InfoTerra Pixel Factory digital surface modeling is based on an auto correlated pixel-matching system within the InfoTerra Pixel Factory software. The auto correlated digital surface model (DSM) surface represents the initial surface model. The following is the process used. 1.The technician verified that there were no voids, and that the data covered the project limits. 2. The technician runs a macro to automatically filter out non-ground features such as trees, noise, and buildings. 3. The technician checks each tile and manually edits where necessary. 4. The technician interpolates voids left over from feature removal. 5. The resulting digital elevation model (DEM) is used in the rectification of the orthoimagery. </stepDesc><stepDateTm>2013-12-18T00:00:00</stepDateTm><stepSrc type="used" xmlns=""><srcCitatn xmlns=""><resAltTitle>Customer Supplied DSM</resAltTitle></srcCitatn></stepSrc><stepSrc type="used" xmlns=""><srcCitatn><resAltTitle>Digital Imagery</resAltTitle></srcCitatn></stepSrc><stepSrc type="produced" xmlns=""><srcCitatn><resAltTitle>DSM</resAltTitle></srcCitatn></stepSrc><stepProc xmlns=""><rpOrgName>"Fugro EarthData, Inc.</rpOrgName><rpCntInfo xmlns=""><cntAddress addressType=""><delPoint>Frederick, Maryland</delPoint></cntAddress></rpCntInfo><role><RoleCd value="010"/></role><displayName>"Fugro EarthData, Inc.</displayName></stepProc></prcStep><prcStep xmlns=""><stepDesc>The digital orthophotography is comprised of a 24 bit, natural color and color infrared, 15 cenitmeter pixel resolution ground orthos for the project area. The InfoTerra Pixel Factory was used in the generation of the orthoimagery covering all project tiles. After the rectification process was run using the processed DEM surface, quicklook (reduced resolution rectification) ortho for all flight lines were created. The quicklook orthos were radiometrically balanced using FEDI proprietary software. The radiometrically balanced imagery were then re-imported into the Pixel Factory and the histogram from the quicklook was applied to the full resolution imagery. Quicklook orthos were also used to generate the automatic mosaic lines, which were placed to mosaic the full resolution ortho of the ADS80 imagery strips. An initial QA/QC was performed by the technician to ensure that the mosaic lines were appropriately placed and that there was appropriate imagery coverage. The final imagery data set is removed from the InfoTerra environment in a process called ""packaging"" where the individual tiles are created. All data processing in the InfoTerra system is performed in UTM meters; it is during packaging that final datum and projection are defined. The created tiles are reviewed to ensure the output was successful and ground control points are measured and verified for accuracy. QA/QC was performed on each tile looking for anomalies, smears and other indications of problems within the digital Orthophoto creation process, interactive radiometric adjustment applied where needed. Additional global radiometric adjustments were applied to the completed orthos in Adobe Photoshop to enhance the color and/or contrast as needed. The orthos were clipped to the approved project boundary and produced in a the TIF/TFW format. The data is delivered in Maryland State Plane coordinates NAD 83 meters on external hard drives.</stepDesc><stepDateTm>2014-02-14T00:00:00</stepDateTm><stepSrc type="used" xmlns=""><srcCitatn><resAltTitle>Digital Orthophotos</resAltTitle></srcCitatn></stepSrc><stepSrc type="produced" xmlns=""><srcCitatn><resAltTitle>Digital Orthos</resAltTitle></srcCitatn></stepSrc><stepProc xmlns=""><rpOrgName>"Fugro EarthData, Inc.</rpOrgName><rpCntInfo><cntAddress addressType=""><delPoint>Frederick, Maryland</delPoint></cntAddress></rpCntInfo><role><RoleCd value="010"/></role><editorSave>False</editorSave><displayName>"Fugro EarthData, Inc.</displayName></stepProc></prcStep></dataLineage></dqInfo><spatRepInfo><Georect xmlns=""><numDims>2</numDims><cellGeo><CellGeoCd value="002"/></cellGeo><tranParaAv>False</tranParaAv><chkPtAv>False</chkPtAv></Georect><VectSpatRep><geometObjs Name="Ortho2013_Final"><geoObjTyp><GeoObjTypCd value="002" Sync="TRUE"></GeoObjTypCd></geoObjTyp><geoObjCnt Sync="TRUE">328</geoObjCnt></geometObjs><topLvl><TopoLevCd value="001" Sync="TRUE"></TopoLevCd></topLvl></VectSpatRep></spatRepInfo><mdHrLvName Sync="TRUE">dataset</mdHrLvName><refSysInfo><RefSystem dimension="horizontal"><refSysID xmlns=""><identCode code="26985" Sync="TRUE"/><idCodeSpace Sync="TRUE">EPSG</idCodeSpace><idVersion Sync="TRUE">8.2.6</idVersion></refSysID></RefSystem></refSysInfo><spdoinfo><ptvctinf><esriterm Name="Ortho2013_Final"><efeatyp Sync="TRUE"></efeatyp><efeageom code="4" Sync="TRUE"></efeageom><esritopo Sync="TRUE">FALSE</esritopo><efeacnt Sync="TRUE">328</efeacnt><spindex Sync="TRUE">TRUE</spindex><linrefer Sync="TRUE">FALSE</linrefer></esriterm></ptvctinf></spdoinfo><eainfo><detailed Name="Ortho2013_Final" xmlns=""><enttyp><enttypl Sync="TRUE">Ortho2013_Final</enttypl><enttypt Sync="TRUE">Feature Class</enttypt><enttypc Sync="TRUE">328</enttypc></enttyp><attr xmlns=""><attrlabl Sync="TRUE">OBJECTID</attrlabl><attalias Sync="TRUE">OBJECTID</attalias><attrtype Sync="TRUE">OID</attrtype><attwidth Sync="TRUE">4</attwidth><atprecis Sync="TRUE">0</atprecis><attscale Sync="TRUE">0</attscale><attrdef Sync="TRUE">Internal feature number.</attrdef><attrdefs Sync="TRUE">Esri</attrdefs><attrdomv><udom Sync="TRUE">Sequential unique whole numbers that are automatically generated.</udom></attrdomv></attr><attr xmlns=""><attrlabl Sync="TRUE">Shape</attrlabl><attalias Sync="TRUE">Shape</attalias><attrtype Sync="TRUE">Geometry</attrtype><attwidth Sync="TRUE">0</attwidth><atprecis Sync="TRUE">0</atprecis><attscale Sync="TRUE">0</attscale><attrdef Sync="TRUE">Feature geometry.</attrdef><attrdefs Sync="TRUE">Esri</attrdefs><attrdomv><udom Sync="TRUE">Coordinates defining the features.</udom></attrdomv></attr><attr xmlns=""><attrlabl Sync="TRUE">Raster</attrlabl><attalias Sync="TRUE">Raster</attalias><attrtype Sync="TRUE">Raster</attrtype><attwidth Sync="TRUE">0</attwidth><atprecis Sync="TRUE">0</atprecis><attscale Sync="TRUE">0</attscale></attr><attr xmlns=""><attrlabl Sync="TRUE">Name</attrlabl><attalias Sync="TRUE">Name</attalias><attrtype Sync="TRUE">String</attrtype><attwidth Sync="TRUE">512</attwidth><atprecis Sync="TRUE">0</atprecis><attscale Sync="TRUE">0</attscale></attr><attr xmlns=""><attrlabl Sync="TRUE">Shape_Length</attrlabl><attalias Sync="TRUE">Shape_Length</attalias><attrtype Sync="TRUE">Double</attrtype><attwidth Sync="TRUE">8</attwidth><atprecis Sync="TRUE">0</atprecis><attscale Sync="TRUE">0</attscale><attrdef Sync="TRUE">Length of feature in internal units.</attrdef><attrdefs Sync="TRUE">Esri</attrdefs><attrdomv><udom Sync="TRUE">Positive real numbers that are automatically generated.</udom></attrdomv></attr><attr xmlns=""><attrlabl Sync="TRUE">Shape_Area</attrlabl><attalias Sync="TRUE">Shape_Area</attalias><attrtype Sync="TRUE">Double</attrtype><attwidth Sync="TRUE">8</attwidth><atprecis Sync="TRUE">0</atprecis><attscale Sync="TRUE">0</attscale><attrdef Sync="TRUE">Area of feature in internal units squared.</attrdef><attrdefs Sync="TRUE">Esri</attrdefs><attrdomv><udom Sync="TRUE">Positive real numbers that are automatically generated.</udom></attrdomv></attr></detailed></eainfo><mdMaint xmlns=""><maintFreq><MaintFreqCd value="009"/></maintFreq><usrDefFreq><duration>every 2 years</duration></usrDefFreq></mdMaint></metadata>
